timestamp,src_ip,dst_ip,event_type
2025-04-03T10:30:00,45.83.91.12,10.0.0.15,port_scan
2025-04-03T10:32:00,82.94.243.11,10.0.0.21,suspicious_login
2025-04-03T10:45:00,8.8.8.8,10.0.0.15,port_scan
2025-04-06T09:00:00,43.240.223.15,10.0.0.2,port_scan
2025-04-06T09:00:00,139.99.114.11,10.0.0.2,suspicious_login
2025-04-09T09:00:00,139.99.114.11,10.0.0.2,port_scan
2025-04-11T14:41:01,8.8.8.8,10.0.0.18,suspicious_login
2025-04-11T14:44:02,8.8.8.8,10.0.0.1,port_scan
2025-04-11T14:44:02,8.8.8.8,10.0.0.2,suspicious_login
2025-04-11T14:44:02,8.8.8.8,10.0.0.10,port_scan
2025-04-11T14:44:02,8.8.8.8,10.0.0.11,port_scan
2025-04-11T15:10:02,8.8.8.8,20.0.0.1,suspicious_login
2025-04-11T15:11:03,8.8.8.8,30.0.0.2,port_scan
2025-04-11T15:12:03,8.8.8.8,30.0.0.3,port_scan
2025-04-11T15:13:03,8.8.8.8,30.0.0.4,port_scan
2025-04-11T15:14:03,8.8.8.8,30.0.0.5,port_scan
2025-04-11T15:15:03,8.8.8.8,30.0.0.6,port_scan
2025-04-11T15:15:04,8.8.8.8,30.0.0.7,suspicious_login
2025-04-11T15:17:04,8.8.8.8,30.0.0.10,port_scan